Parent Number,Child Number
100 SNOW,0114032
0114032,1263038_SW
0114032,1263038_SW_CAP
0114032,1262701
1262701,7518490
1262701,5260907
1262701,1262701_1
1262701,1262701_3
1262701,7555935
0114032,5413640
0114032,5211688
100 SNOW,0114659-11
0114659-11,3022698
3022698,3022409_BUSHING
3022698,3022698_RUBBER
0114659-11,5258819
0114659-11,1021006
1021006,5338674
1021006,7519967
1021006,5337394
1021006,5633122
1021006,5138262
1021006,5633083
1021006,5138261
0114659-11,1019146
1019146,7661130
1019146,5138263
1019146,7661637
1019146,5337389
1019146,5337390P
1019146,5138265
1019146,7520147
1019146,5337815
1019146,5337395
1019146,5138266
0114659-11,5138294
0114659-11,2635202
2635202,2635204_P
2635202,5439309
2635202,5450933
0114659-11,1023221
1023221,5633386
1023221,5141278
0114659-11,1023919
1023919,5454820
1023919,5340890
1023919,7547790
1023919,7519092
0114659-11,3022713_SW
0114659-11,1020287
1020287,5138700
1020287,5338161
0114659-11,1019139
1019139,7661637
1019139,5256783
0114659-11,ORG_HEAT_EXCHANGER_ASSY
ORG_HEAT_EXCHANGER_ASSY,7547421
ORG_HEAT_EXCHANGER_ASSY,5258817
ORG_HEAT_EXCHANGER_ASSY,5256426
ORG_HEAT_EXCHANGER_ASSY,5258346
ORG_HEAT_EXCHANGER_ASSY,5258829
ORG_HEAT_EXCHANGER_ASSY,5139568
ORG_HEAT_EXCHANGER_ASSY,5252098
ORG_HEAT_EXCHANGER_ASSY,ORG_HEAT_EXCHANGER
ORG_HEAT_EXCHANGER_ASSY,5258830
ORG_HEAT_EXCHANGER_ASSY,5139569
0114659-11,3022697
3022697,3022697_RUBBER
3022697,3022409_BUSHING
0114659-11,1019180
1019180,1019180_BALL
1019180,1019180_P
0114659-11,2635203
2635203,5450934
2635203,2635205_P
2635203,5439309
0114659-11,1023230
1023230,5138286
1023230,7520559
1023230,1019183
1019183,5137394
1019183,5138287
1023230,5633989
1023230,5634116
1023230,5256849
1023230,1023230_SW1
1023230,5452369
1023230,5138285
1023230,7556064
1023230,7188334
1023230,1333119
1333119,5138392
1333119,3610030
1333119,3514309
1023230,7547453
1023230,5264150
1023230,5138449
0114659-11,3022712_SW
0114659-11,1019140
1019140,5264677
1019140,7661637
0114659-11,5337390
5337390,7519070
5337390,7547332
5337390,5337391
0114659-11,5139042
0114659-11,1021543
1021543,5261061
0114659-11,1021376_SW
0114659-11,1023220
1023220,5633385
1023220,5141277
0114659-11,1019861
1019861,5337942
1019861,7547332
1019861,7518906
1019861,5337392
100 SNOW,5451519
100 SNOW,0113306
0113306,7556565
0113306,1022101_SW
0113306,4015642
0113306,2521361
2521361,5451001
2521361,7052593
2521361,7052362
2521361,4014699
0113306,1240094
0113306,7519112
0113306,7547339
100 SNOW,0114026-11
0114026-11,2882119
2882119,GAUGE_PCB_BOARD_ASSY_2
GAUGE_PCB_BOARD_ASSY_2,6-OTS-0001038
GAUGE_PCB_BOARD_ASSY_2,6-OTS-0001063
GAUGE_PCB_BOARD_ASSY_2,6-OTS-0001009
GAUGE_PCB_BOARD_ASSY_2,6-OTS-0001016
GAUGE_PCB_BOARD_ASSY_2,6-OTS-0001025
GAUGE_PCB_BOARD_ASSY_2,6-OTS-0001019
GAUGE_PCB_BOARD_ASSY_2,6-OTS-0001023
GAUGE_PCB_BOARD_ASSY_2,6-OTS-0001008
GAUGE_PCB_BOARD_ASSY_2,GAUGE_PCB_BOARD
GAUGE_PCB_BOARD_ASSY_2,6-OTS-0001065
GAUGE_PCB_BOARD_ASSY_2,6-OTS-0001002
GAUGE_PCB_BOARD_ASSY_2,6-OTS-0001031
GAUGE_PCB_BOARD_ASSY_2,OTS-0001011
GAUGE_PCB_BOARD_ASSY_2,6-BB-0001061
GAUGE_PCB_BOARD_ASSY_2,6-OTS-0001018
GAUGE_PCB_BOARD_ASSY_2,CONN_16PIN
GAUGE_PCB_BOARD_ASSY_2,6-OTS-0001043
GAUGE_PCB_BOARD_ASSY_2,6-BB-0001033
GAUGE_PCB_BOARD_ASSY_2,6-OTS-0001046
GAUGE_PCB_BOARD_ASSY_2,6-OTS-0001024
GAUGE_PCB_BOARD_ASSY_2,6-OTS-0001045
GAUGE_PCB_BOARD_ASSY_2,6-OTS-0001035
GAUGE_PCB_BOARD_ASSY_2,6-OTS-0001041
GAUGE_PCB_BOARD_ASSY_2,6-OTS-0001060
GAUGE_PCB_BOARD_ASSY_2,6-OTS-0001059
GAUGE_PCB_BOARD_ASSY_2,6-BB-0001030
GAUGE_PCB_BOARD_ASSY_2,CONN_RJ45_MAG
GAUGE_PCB_BOARD_ASSY_2,6-OTS-0001027
GAUGE_PCB_BOARD_ASSY_2,PCB_BUTTON
GAUGE_PCB_BOARD_ASSY_2,6-OTS-0001034
GAUGE_PCB_BOARD_ASSY_2,6-OTS-0001037
GAUGE_PCB_BOARD_ASSY_2,PJ-002A_3
GAUGE_PCB_BOARD_ASSY_2,6-OTS-0001064
GAUGE_PCB_BOARD_ASSY_2,6-BB-0001062
GAUGE_PCB_BOARD_ASSY_2,6-OTS-0001036
6-OTS-0001036,6-MANIFOLD_SOLID_BREP_107141
6-OTS-0001036,6-MANIFOLD_SOLID_BREP_107291
GAUGE_PCB_BOARD_ASSY_2,6-OTS-0001039
GAUGE_PCB_BOARD_ASSY_2,6-OTS-0001014
GAUGE_PCB_BOARD_ASSY_2,6-BB-0001029
GAUGE_PCB_BOARD_ASSY_2,6-OTS-0001028
GAUGE_PCB_BOARD_ASSY_2,6-OTS-0001042
2882119,5415589
2882119,4016438_ASSY
4016438_ASSY,4016438_ICON_04
4016438_ASSY,4016438_ICON_09
4016438_ASSY,4016438_COVER2
4016438_ASSY,4016438_ICON_03
4016438_ASSY,4016438_ICON_08
4016438_ASSY,4016438_MODE
4016438_ASSY,4016438_ICON_06
4016438_ASSY,4016438_ICON_10
4016438_ASSY,4016438_SCREEN
4016438_ASSY,4016438_ICON_01
4016438_ASSY,4016438_CENTER
4016438_ASSY,4016438_ICON_02
4016438_ASSY,4016438_ICON_07
4016438_ASSY,4016438_SET
4016438_ASSY,4016438_COVER1
4016438_ASSY,4016438_ICON_05
2882119,RIBBON_CABLE
2882119,5452364
2882119,SELF_TAPPING_SCREW_M3X6
2882119,4015352
0114026-11,4012165
0114026-11,0114026_SW2
0114026-11,0114026_SW1
0114026-11,5451206
0114026-11,7556327
0114026-11,7710807
0114026-11,7662246
0114026-11,0114026_SW5
0114026-11,0114026_SW3
0114026-11,2413615_3
0114026-11,2413615_2
0114026-11,2413615
0114026-11,0114026_SW4
0114026-11,7661855
100 SNOW,0000037813
100 SNOW,0114019
0114019,3222231
0114019,7519236
0114019,5137587
0114019,7556509
0114019,5413563
0114019,1333118_SW
0114019,7555832
0114019,7555846
0114019,5137323
0114019,7519254
0114019,111007_1333119_CHAIN_REF
0114019,5140953
0114019,3221099
0114019,1322948
0114019,1333605_SW
0114019,7052674
0114019,7518760
0114019,1910740_2
0114019,2412968
0114019,1590551
1590551,5135911
1590551,5139103
1590551,5251047
1590551,5258434
1590551,5438605
1590551,7520311
1590551,1021239_SW
1590551,3514617
0114019,7555806
0114019,7555864
0114019,1911986
0114019,1333119
1333119,5138392
1333119,3610030
1333119,3514309
0114019,7556130
0114019,7519004
0114019,7556490
0114019,5814028
100 SNOW,117004_9570_6_800
117004_9570_6_800,1170046_REARBUMPER
1170046_REARBUMPER,0113418
0113418,7547453
0113418,7519133
0113418,1020782
1020782,7547453
1020782,5259792
1020782,5259794
1020782,1020590
1020590,5260226
1020590,5338684
1020590,5338688
1020590,5260223
1020590,5260227
1020590,5338686
1020590,5260224
1020590,5338685
1020590,5260225
1020590,5338687
1020590,5338689
1020782,7519121
1020782,5259793
0113418,7519070
1170046_REARBUMPER,0113320
0113320,7547453
0113320,1017851
1017851,7081210
1017851,5339046
1017851,5137501
1017851,7662251
0113320,7519993
1170046_REARBUMPER,2684843
2684843,5414191
2684843,5438971
2684843,5413887
2684843,7547453
2684843,5438969
2684843,7621472
2684843,7661970
2684843,5439062
2684843,5438117
2684843,5632624
2684843,2634156
2634156,2634156_PLATE2
2634156,2634156_PIN
2634156,2634156_PLATE1
2684843,5255014
2684843,7518546
1170046_REARBUMPER,2684844
2684844,5438970
2684844,5438972
2684844,7621472
2684844,5632624
2684844,5414191
2684844,7547453
2684844,7518546
2684844,5413887
2684844,7661970
2684844,5438117
2684844,2634156
2634156,2634156_PLATE2
2634156,2634156_PIN
2634156,2634156_PLATE1
2684844,5439062
2684844,5255015
100 SNOW,1543904A
1543904A,1543904_REAR_SUS
1543904_REAR_SUS,5414733
5414733,7547332
5414733,7518957
5414733,7556175
5414733,5414733_INSTALLED
5414733,5136572
5414733,7518953
1543904_REAR_SUS,7519327
1543904_REAR_SUS,5434589
1543904_REAR_SUS,1543724
1543724,7556545
1543724,7556524
1543724,5438876
1543724,7547332
1543724,5141400
1543724,7519212
1543724,5141020
1543724,7518971
1543724,7547442
1543904_REAR_SUS,5142129
1543904_REAR_SUS,1590511
1590511,7710444
1590511,5450184
5450184,5450184-RUBBER
5450184,5450184-WHEEL
1590511,3514384
1590511,7556799
1543904_REAR_SUS,7547332
1543904_REAR_SUS,1590457
1590457,5437618
1590457,3514384
1590457,7556799
1590457,7710444
1543904_REAR_SUS,7044379_BODY
7044379_BODY,7044379_BODY_2
7044379_BODY,7044379_SHAFT_P
7044379_BODY,7044379_BODY_P
1543904_REAR_SUS,1590460
1590460,5136745
1590460,5333285
1590460,1590459
1590459,5437630
1590459,7710444
1590459,3514384
1590460,7556490
1590460,5432535
1590460,7518957
1590460,7555918
1543904_REAR_SUS,7044562_SPRING
7044562_SPRING,7044562-ROD
7044562_SPRING,7044562-BODY
7044562_SPRING,7044562-BODY_2
7044562_SPRING,7045058
1543904_REAR_SUS,5334285
1543904_REAR_SUS,116010_MJP_RTS_PIVOT_WELD
116010_MJP_RTS_PIVOT_WELD,5262396
116010_MJP_RTS_PIVOT_WELD,116010_MJP_RTS_PIVOT_TUBE
116010_MJP_RTS_PIVOT_WELD,5138138
1543904_REAR_SUS,1543906_SW
1543904_REAR_SUS,7043241
1543904_REAR_SUS,5137418
1543904_REAR_SUS,7518472
1543904_REAR_SUS,1590001
1590001,5430011
1590001,3514445
1590001,7710486
1543904_REAR_SUS,7517786
1543904_REAR_SUS,7547423
1543904_REAR_SUS,7547333
1543904_REAR_SUS,5434989
1543904_REAR_SUS,5141836_ASSY
5141836_ASSY,5142128
5141836_ASSY,7547332
5141836_ASSY,7519972
5141836_ASSY,5141836
1543904_REAR_SUS,1544014
1544014,5265188
1544014,5335719
1544014,5341070
1544014,7547333
1544014,7556559
1544014,7519327
1544014,5341069
1544014,7556153
1544014,7519216
1544014,5265187
1544014,7547423
1544014,7518960
1544014,5140492
1544014,7556545
1543904_REAR_SUS,1543184
1543184,7547423
1543184,5137367
1543184,7556563
1543184,7547442
1543184,7519015
1543184,7518971
1543184,7556545
1543184,5137360
1543184,7519286
1543184,5138648
1543184,7547793
1543184,1543184_SW
1543904_REAR_SUS,5136569
1543904_REAR_SUS,7556545
1543904_REAR_SUS,5139172
1543904_REAR_SUS,1543905_SW
1543904_REAR_SUS,1543907
1543907,7519908
1543907,5432166
1543907,7547707
1543907,7547442
1543907,7661644
1543907,7520133
1543907,5434334
1543907,7547339
1543907,5136687
1543907,5522253
1543907,7661123
1543907,5410925
1543907,5633278
1543907,5141837
1543907,5136571
1543907,5522230_INSTALLED
1543907,1543909
1543909,7621501
1543909,5136570
1543909,5141279
1543909,7519997
1543909,5141475
1543907,7519844
1543907,7520083
1543907,7518906
1543907,7517510
1543907,5452441
1543907,7520369
1543907,7556064
1543904_REAR_SUS,7043240
1543904_REAR_SUS,5142128
1543904_REAR_SUS,5434590
1543904_REAR_SUS,7080394
1543904_REAR_SUS,1543908
1543908,5633278
1543908,7520133
1543908,1543910
1543910,5141475
1543910,7519997
1543910,5141279
1543910,5136570
1543910,7621501
1543908,5521499
1543908,5522230_INSTALLED
1543908,7518906
1543908,5136687
1543908,7556064
1543908,7510504
1543908,7555783
1543908,7547339
1543908,7541925
1543908,7517510
1543908,7520083
1543908,7547442
1543908,5136571
1543908,5452441
1543908,5141837
1543908,5432166
1543908,7520369
1543908,5410925
1543908,5434334
1543908,7519844
1543908,7547707
1543908,7519908
1543904_REAR_SUS,7555939
100 SNOW,0115331-13
0115331-13,1019666
1019666,5257099
1019666,7547753
0115331-13,3023290
3023290,3022697_RUBBER
3023290,3022409_BUSHING
0115331-13,2635203
2635203,5450934
2635203,2635205_P
2635203,5439309
0115331-13,2635202
2635202,2635204_P
2635202,5439309
2635202,5450933
0115331-13,1023972
1023972,1019188
1019188,5254382
1019188,5138293
1019188,5138292
1019188,7519102
1019188,7518143
1019188,7518906
1023972,5140781
1023972,1024146_SW
1023972,1019186
1019186,5137017
1019186,5337428
1019186,5140365
1023972,5138449
1023972,5139042
1023972,1241285
1241285,1241284
1241284,5139569
1241284,5138691
1241284,5252098
1241284,5258346
1241284,5258829
1241284,5258831
1241284,5258817
1241284,5258830
1241284,5140698
1241284,5256426
1241285,7547421
1023972,5256849
1023972,5138294
1023972,1019183
1019183,5137394
1019183,5138287
1023972,0113202
0113202,7520464
0113202,5450838
0113202,2411099
0113202,5258881
0113202,7547487
0113202,7556565
0113202,7547332
0113202,1021867
1021867,1021325
1021325,5260703
1021325,5260560
1021867,1022502
1022502,7547747
1022502,5262771
1021867,5256856
1021867,1021324
1021324,5260702
1021324,5260560
1021867,5139282
1021867,5262772
1021867,5139244
1021867,1240940
1240940,5260556
1240940,5254492
1240940,5139840
1240940,5139936
1240940,5139839
1021867,5256850
1021867,1021866
1021866,7520068
1021866,7518617
1021866,5260700
1021867,5256857
0113202,7518954
0113202,1021568
1021568,1021579
1021579,5261109
1021579,5261135
1021568,7547601
0113202,2635905
2635905,7547601
2635905,5451629
2635905,5140049
0113202,5450837
0113202,1021565
1021565,7661401
1021565,5261189
1021565,5332797
1021565,5332798
1021565,7662209
1021565,5210991
1023972,5138285
1023972,5256863
1023972,5138286
1023972,7519010
1023972,1333119
1333119,5138392
1333119,3610030
1333119,3514309
1023972,5256864
0115331-13,1019180
1019180,1019180_BALL
1019180,1019180_P
0115331-13,5258819
0115331-13,3023293
3023293,3022712_RUBBER
3023293,3022713_FLANGE
3023293,7516823
3023293,3022286_TEE_BUSHING
0115331-13,1019139
1019139,7661637
1019139,5256783
0115331-13,1019140
1019140,5264677
1019140,7661637
0115331-13,1019861
1019861,5337942
1019861,7547332
1019861,7518906
1019861,5337392
0115331-13,1019146
1019146,7661130
1019146,5138263
1019146,7661637
1019146,5337389
1019146,5337390P
1019146,5138265
1019146,7520147
1019146,5337815
1019146,5337395
1019146,5138266
0115331-13,3023292
3023292,3022712
3023292,3022286_TEE_BUSHING
3023292,7547421
3023292,3022712_RUBBER
0115331-13,5337390
5337390,7519070
5337390,7547332
5337390,5337391
0115331-13,1021006
1021006,5338674
1021006,7519967
1021006,5337394
1021006,5633122
1021006,5138262
1021006,5633083
1021006,5138261
0115331-13,1021434
1021434,5139255
1021434,1021436
1021436,5338663
1021436,5260858
1021434,1021435
1021435,5338645
1021435,5260858
1021434,7661973
1021434,7661637
1021434,1019308
1019308,5138349
1019308,5337503
0115331-13,3023291
3023291,3022409_BUSHING
3023291,3022698_RUBBER
100 SNOW,0114025
0114025,7556386
0114025,2521345_SW
0114025,2521344_SW
0114025,2685716
2685716,5450972
2685716,5450971
0114025,7518656
0114025,5450390_SW
0114025,5436628
0114025,7520428
0114025,2521341_SW
0114025,5260523-13
0114025,7518613
0114025,7547339
100 SNOW,0113303-00
0113303-00,7661855
0113303-00,7520283
0113303-00,5451143
0113303-00,7555919
0113303-00,5415314
0113303-00,7621467
100 SNOW,0112445
0112445,1262626_SW
0112445,1262726_SW
0112445,1262725_SW
0112445,7081692
0112445,5414969
0112445,1262686_SW
0112445,2521629
2521629,5452391
2521629,5450189
0112445,7080843
0112445,5415302
0112445,7080534
0112445,7080560
0112445,1240300
0112445,5814409
0112445,5415139
0112445,7081693
0112445,7080842
0112445,7080844
0112445,5415586
100 SNOW,2687412A
2687412A,2687412
2687412,5140062
2687412,5140766
2687412,2687412_REF
2687412,5140765
2687412,7519002
100 SNOW,0000037814
100 SNOW,5459999
100 SNOW,117011A
117011A,117011_REAR_SUS
117011_REAR_SUS,5137418
117011_REAR_SUS,7043240
117011_REAR_SUS,7519327
117011_REAR_SUS,5142129
117011_REAR_SUS,7547332
117011_REAR_SUS,1543905_SW_XC
117011_REAR_SUS,116010_MJP_RTS_PIVOT_WELD
116010_MJP_RTS_PIVOT_WELD,5262396
116010_MJP_RTS_PIVOT_WELD,116010_MJP_RTS_PIVOT_TUBE
116010_MJP_RTS_PIVOT_WELD,5138138
117011_REAR_SUS,5334285
117011_REAR_SUS,5139172
117011_REAR_SUS,5434590
117011_REAR_SUS,1543908_XC
1543908_XC,7517510
1543908_XC,7547442
1543908_XC,5521499
1543908_XC,7519844
1543908_XC,5432166
1543908_XC,5434334
1543908_XC,7520369
1543908_XC,7518906
1543908_XC,7520083
1543908_XC,7555783
1543908_XC,7547707
1543908_XC,5141837
1543908_XC,5410925
1543908_XC,7510504
1543908_XC,7556064
1543908_XC,7547339
1543908_XC,5633278
1543908_XC,5452441_XC
1543908_XC,7519908
1543908_XC,5522230_INSTALLED_XC
1543908_XC,7541925
1543908_XC,7520133
1543908_XC,5136687
1543908_XC,5136571
1543908_XC,1543910_XC
1543910_XC,5136570
1543910_XC,5141279_XC
1543910_XC,7621501
1543910_XC,5141475_XC
1543910_XC,7519997
117011_REAR_SUS,1544014
1544014,5265188
1544014,5335719
1544014,5341070
1544014,7547333
1544014,7556559
1544014,7519327
1544014,5341069
1544014,7556153
1544014,7519216
1544014,5265187
1544014,7547423
1544014,7518960
1544014,5140492
1544014,7556545
117011_REAR_SUS,7547333
117011_REAR_SUS,7044379_BODY_XC
7044379_BODY_XC,7044379_BODY_P_XC
7044379_BODY_XC,7044379_SHAFT_P_XC
7044379_BODY_XC,7044379_BODY_2_XC
117011_REAR_SUS,7555939
117011_REAR_SUS,7043241
117011_REAR_SUS,7044562_SPRING_XC
7044562_SPRING_XC,7045058_XC
7044562_SPRING_XC,7044562-BODY_XC
7044562_SPRING_XC,7044562-BODY_2_XC
7044562_SPRING_XC,7044562-ROD_XC
117011_REAR_SUS,7080394
117011_REAR_SUS,1543724_XC
1543724_XC,7556545
1543724_XC,7519212
1543724_XC,7518971
1543724_XC,7556524
1543724_XC,7547442
1543724_XC,5141400
1543724_XC,7547332
1543724_XC,5141020_XC
1543724_XC,5438876
117011_REAR_SUS,5141836_ASSY_XC
5141836_ASSY_XC,7519972
5141836_ASSY_XC,5141836_XC
5141836_ASSY_XC,5142128
5141836_ASSY_XC,7547332
117011_REAR_SUS,7518472
117011_REAR_SUS,5142128
117011_REAR_SUS,7547423
117011_REAR_SUS,5136569
117011_REAR_SUS,5434989
117011_REAR_SUS,1590457
1590457,5437618
1590457,3514384
1590457,7556799
1590457,7710444
117011_REAR_SUS,1543907_XC
1543907_XC,7556064
1543907_XC,5410925
1543907_XC,7547339
1543907_XC,5136687
1543907_XC,7520369
1543907_XC,5141837
1543907_XC,5452441_XC
1543907_XC,7519844
1543907_XC,1543909_XC
1543909_XC,5141475_XC
1543909_XC,5136570
1543909_XC,7621501
1543909_XC,5141279_XC
1543909_XC,7519997
1543907_XC,5432166
1543907_XC,7661123
1543907_XC,7547707
1543907_XC,5633278
1543907_XC,7517510
1543907_XC,5522253
1543907_XC,7520133
1543907_XC,7520083
1543907_XC,5136571
1543907_XC,7518906
1543907_XC,7519908
1543907_XC,5434334
1543907_XC,7547442
1543907_XC,5522230_INSTALLED_XC
1543907_XC,7661644
117011_REAR_SUS,1590001
1590001,5430011
1590001,3514445
1590001,7710486
117011_REAR_SUS,1590460_XC
1590460_XC,5333285
1590460_XC,5136745
1590460_XC,1590459
1590459,5437630
1590459,7710444
1590459,3514384
1590460_XC,7518957
1590460_XC,7555918
1590460_XC,7556490
1590460_XC,5432535
117011_REAR_SUS,7556545
117011_REAR_SUS,1543906_SW_XC
117011_REAR_SUS,7517786
117011_REAR_SUS,7547339
117011_REAR_SUS,5414733_XC
5414733_XC,7518957
5414733_XC,5414733_INSTALLED_XC
5414733_XC,7547332
5414733_XC,5136572_XC
5414733_XC,7556175
5414733_XC,7518953
117011_REAR_SUS,1543184
1543184,7547423
1543184,5137367
1543184,7556563
1543184,7547442
1543184,7519015
1543184,7518971
1543184,7556545
1543184,5137360
1543184,7519286
1543184,5138648
1543184,7547793
1543184,1543184_SW
117011_REAR_SUS,5434589
117011_REAR_SUS,1590511
1590511,7710444
1590511,5450184
5450184,5450184-RUBBER
5450184,5450184-WHEEL
1590511,3514384
1590511,7556799
100 SNOW,0115331-11
0115331-11,1019146
1019146,7661130
1019146,5138263
1019146,7661637
1019146,5337389
1019146,5337390P
1019146,5138265
1019146,7520147
1019146,5337815
1019146,5337395
1019146,5138266
0115331-11,1023972
1023972,1019188
1019188,5254382
1019188,5138293
1019188,5138292
1019188,7519102
1019188,7518143
1019188,7518906
1023972,5140781
1023972,1024146_SW
1023972,1019186
1019186,5137017
1019186,5337428
1019186,5140365
1023972,5138449
1023972,5139042
1023972,1241285
1241285,1241284
1241284,5139569
1241284,5138691
1241284,5252098
1241284,5258346
1241284,5258829
1241284,5258831
1241284,5258817
1241284,5258830
1241284,5140698
1241284,5256426
1241285,7547421
1023972,5256849
1023972,5138294
1023972,1019183
1019183,5137394
1019183,5138287
1023972,0113202
0113202,7520464
0113202,5450838
0113202,2411099
0113202,5258881
0113202,7547487
0113202,7556565
0113202,7547332
0113202,1021867
1021867,1021325
1021325,5260703
1021325,5260560
1021867,1022502
1022502,7547747
1022502,5262771
1021867,5256856
1021867,1021324
1021324,5260702
1021324,5260560
1021867,5139282
1021867,5262772
1021867,5139244
1021867,1240940
1240940,5260556
1240940,5254492
1240940,5139840
1240940,5139936
1240940,5139839
1021867,5256850
1021867,1021866
1021866,7520068
1021866,7518617
1021866,5260700
1021867,5256857
0113202,7518954
0113202,1021568
1021568,1021579
1021579,5261109
1021579,5261135
1021568,7547601
0113202,2635905
2635905,7547601
2635905,5451629
2635905,5140049
0113202,5450837
0113202,1021565
1021565,7661401
1021565,5261189
1021565,5332797
1021565,5332798
1021565,7662209
1021565,5210991
1023972,5138285
1023972,5256863
1023972,5138286
1023972,7519010
1023972,1333119
1333119,5138392
1333119,3610030
1333119,3514309
1023972,5256864
0115331-11,1019861
1019861,5337942
1019861,7547332
1019861,7518906
1019861,5337392
0115331-11,1021434
1021434,5139255
1021434,1021436
1021436,5338663
1021436,5260858
1021434,1021435
1021435,5338645
1021435,5260858
1021434,7661973
1021434,7661637
1021434,1019308
1019308,5138349
1019308,5337503
0115331-11,2635202
2635202,2635204_P
2635202,5439309
2635202,5450933
0115331-11,1021006
1021006,5338674
1021006,7519967
1021006,5337394
1021006,5633122
1021006,5138262
1021006,5633083
1021006,5138261
0115331-11,1019180
1019180,1019180_BALL
1019180,1019180_P
0115331-11,1019140
1019140,5264677
1019140,7661637
0115331-11,5337390
5337390,7519070
5337390,7547332
5337390,5337391
0115331-11,1019666
1019666,5257099
1019666,7547753
0115331-11,5258819
0115331-11,1019139
1019139,7661637
1019139,5256783
0115331-11,3023291
3023291,3022409_BUSHING
3023291,3022698_RUBBER
0115331-11,3023293
3023293,3022712_RUBBER
3023293,3022713_FLANGE
3023293,7516823
3023293,3022286_TEE_BUSHING
0115331-11,2635203
2635203,5450934
2635203,2635205_P
2635203,5439309
0115331-11,3023292
3023292,3022712
3023292,3022286_TEE_BUSHING
3023292,7547421
3023292,3022712_RUBBER
0115331-11,3023290
3023290,3022697_RUBBER
3023290,3022409_BUSHING
100 SNOW,5451213
100 SNOW,0114023
0114023,99904004
99904004,5137796
99904004,7061166_STUD
99904004,7547464
99904004,1824380_SW
99904004,7555806
99904004,1824381_SW
99904004,7061166_STUD
99904004,5137550
99904004,7061166_HOUSING
99904004,7547423
99904004,7061166
7061166,7061166_STUD
7061166,7061166_HOUSING
99904004,7044120-ROD
99904004,5438460
99904004,7519242
99904004,1824379_SW
99904004,7061165_STUD
99904004,5137551
99904004,7061179_10655BS
99904004,7547430
99904004,5136910
99904004,7519010
99904004,7519238
99904004,5136910
99904004,7061173_BALL
99904004,7547423
99904004,1824113
1824113,5137360
1824113,7518971
1824113,7043732
1824113,7547423
1824113,7044120-SPRING-NUT
1824113,7044120-JAM-NUT
1824113,7518941
1824113,7044120-SPRING-CLIP
1824113,7044120-BODY
1824113,7044120-ROD
99904004,7519015
99904004,5137360
99904004,7044120-JAM-NUT
99904004,7547464
99904004,7043732
99904004,7044120-SPRING-CLIP
99904004,5336578
99904004,7547423
99904004,1824181
1824181,5336578
1824181,7061166
7061166,7061166_STUD
7061166,7061166_HOUSING
1824181,7547430
99904004,7555806
99904004,5438460
99904004,7519015
99904004,7556212
99904004,7556212
99904004,1823801_QT
1823801_QT,5137550
99904004,7061173_BALL
99904004,5137569
99904004,7518971
99904004,7061165
7061165,7547431
7061165,7061165_STUD
7061165,7061165_HOUSING
99904004,1823802
1823802,7555806
1823802,7061173_BALL
1823802,7519015
1823802,7547464
1823802,7547423
1823802,5438460
1823802,5137551
1823802,5137569
1823802,7556212
1823802,5136910
99904004,7547431
99904004,1824382_SW
99904004,7044120-SPRING-NUT
99904004,5137569
99904004,7518941
99904004,7044120-BODY
99904004,7061165_HOUSING
0114023,1823915
1823915,5136908-1
1823915,5136908-2
1823915,7566100
7566100,7547332
7566100,BLUE243
7566100,7556524
1823915,1823917-1
1823915,1823917-2
1823915,5435681
1823915,7566120
7566120,7556130
7566120,7519098
7566120,7547423
1823915,7566110
7566110,7547650
7566110,7547332
7566110,7520233
7566110,7518906
7566110,7556737
1823915,5414375-2
1823915,5439301
1823915,5414375-1
0114023,99903003
99903003,7710401
99903003,5450880
99903003,2010426
2010426,4015321
2010426,5439576
99903003,5338007
99903003,1824345
1824345,2010425
2010425,2010424
2010424,5439668
2010425,7710401
2010425,7661624
2010425,7555730
2010425,5450861
2010425,9570127
1824345,5438035
1824345,2010409
1824345,111007_LCW_1912067_MCYL_ASY
111007_LCW_1912067_MCYL_ASY,111007_LCW_1912067_LEVER
111007_LCW_1912067_MCYL_ASY,12-26349_1
111007_LCW_1912067_MCYL_ASY,09-27809_1
111007_LCW_1912067_MCYL_ASY,22-26344_1
111007_LCW_1912067_MCYL_ASY,18-27618_1
111007_LCW_1912067_MCYL_ASY,41-26345_1
111007_LCW_1912067_MCYL_ASY,40-19091-MACH_2
1824345,2010409_CAP
1824345,7512076
1824345,5450542
1824345,5450836
1824345,5452065
1824345,7519755
1824345,4015245
1824345,5450862
1824345,5439575
1824345,7511848
1824345,2010426
2010426,4015321
2010426,5439576
1824345,5338007
99903003,7547442
99903003,12-26349_1
99903003,7061190_SW
99903003,5450881
99903003,7661624
99903003,5414938
99903003,40-19091-MACH_2
99903003,5438035
99903003,2010409
99903003,2010409_CAP
99903003,7519755
99903003,1824342
1824342,7519242
1824342,1824343_SW
1824342,7556153
1824342,5139006
1824342,5450881
1824342,7519971
1824342,7061190_SW
1824342,1824547_SW
1824342,7547405
1824342,5450880
1824342,7519238
1824342,5137796
1824342,7061186_SW
1824342,7547332
1824342,7557059
1824342,7519010
1824342,7547442
1824342,5258308
1824342,5414938
1824342,1824137_SW
99903003,7547332
99903003,18-27618_1
99903003,5439668
99903003,7555730
99903003,5450836
99903003,4015321
99903003,5450542
99903003,5137356
99903003,111007_LCW_1912067_LEVER
99903003,5439575
99903003,5450862
99903003,41-26345_1
99903003,09-27809_1
99903003,7556153
99903003,111007_LCW_1912067_MCYL_ASY
111007_LCW_1912067_MCYL_ASY,111007_LCW_1912067_LEVER
111007_LCW_1912067_MCYL_ASY,12-26349_1
111007_LCW_1912067_MCYL_ASY,09-27809_1
111007_LCW_1912067_MCYL_ASY,22-26344_1
111007_LCW_1912067_MCYL_ASY,18-27618_1
111007_LCW_1912067_MCYL_ASY,41-26345_1
111007_LCW_1912067_MCYL_ASY,40-19091-MACH_2
99903003,7547405
99903003,2010425
2010425,2010424
2010424,5439668
2010425,7710401
2010425,7661624
2010425,7555730
2010425,5450861
2010425,9570127
99903003,5450861
99903003,5439576
99903003,22-26344_1
99903003,7512076
99903003,7511848
99903003,5452065
99903003,7557059
99903003,5438523
99903003,1824137_SW
99903003,5139006
99903003,2010424
2010424,5439668
99903003,1824343_SW
99903003,4015245
99903003,7061186_SW
99903003,1824547_SW
99903003,9570127
99903003,7519971
99903003,5258308
100 SNOW,5451043
100 SNOW,0113336
0113336,0000387
0113336,1204992_SW
0113336,1205097_SW
0113336,7556702
0113336,1205058_BODY
0113336,5436992
0113336,1204331_SW
0113336,5134423
0113336,3022642_SW_SIMP
0113336,1262425
0113336,1204723_SW_SIMP
0113336,5132334
0113336,5131579
0113336,7518412
0113336,1205241
0113336,3022828_SIMP
0113336,5451612
0113336,0000407
0113336,1205241_2
0113336,2521382_SW
0113336,5139018_SIMP
0113336,7080998
0113336,5137850
0113336,5134982
0113336,5139427_SW_SIMP
0113336,1205059_SW
0113336,3022082
100 SNOW,0000037815
100 SNOW,0113333
0113333,1205241_2
0113333,3022082
0113333,3022642_SW_SIMP
0113333,5436992
0113333,0000387
0113333,1205097_SW
0113333,5132334
0113333,7080998
0113333,1205058_BODY
0113333,5134982
0113333,1205241
0113333,1205059_SW
0113333,5131579
0113333,7556702
0113333,1204723_SW_SIMP
0113333,5451612
0113333,5139427_SW_SIMP
0113333,1204331_SW
0113333,5139018_SIMP
0113333,5134423
0113333,0000407
0113333,3022828_SIMP
0113333,1204992_SW
0113333,7518412
0113333,1262425
0113333,5137850
0113333,2521382_SW
100 SNOW,2879194A-13
2879194A-13,2879194
2879194,756_JKR_HND_GRD_FINAL_RH
2879194,756_JKR_HAND_GUARD_FINAL
2879194,756_JKR_RUSH_MNT_10
2879194,756_JKR_RUSH_HND_GRD_MNT_FINAL
2879194,756_JKR_RUSH_CAP_10
2879194,756_JKR_RUSH_HND_GRD_MNT_02
100 SNOW,2879194A-11
2879194A-11,2879194
2879194,756_JKR_HND_GRD_FINAL_RH
2879194,756_JKR_HAND_GUARD_FINAL
2879194,756_JKR_RUSH_MNT_10
2879194,756_JKR_RUSH_HND_GRD_MNT_FINAL
2879194,756_JKR_RUSH_CAP_10
2879194,756_JKR_RUSH_HND_GRD_MNT_02
100 SNOW,0113334
0113334,5132334
0113334,7556702
0113334,5436992
0113334,0000407
0113334,3022828_SIMP
0113334,3022642_SW_SIMP
0113334,7080998
0113334,1205241_2
0113334,1205241
0113334,5134982
0113334,5137850
0113334,2521382_SW
0113334,1205059_SW
0113334,0000387
0113334,1262425
0113334,5134423
0113334,7518412
0113334,5131579
0113334,3022082
0113334,5451612
0113334,1204331_SW
0113334,5139018_SIMP
0113334,5139427_SW_SIMP
0113334,1205058_BODY
0113334,1202640_SW
0113334,1204723_SW_SIMP
100 SNOW,2883569
100 SNOW,0113307
0113307,7710808
0113307,7519112
0113307,5261169
0113307,7516823
0113307,7547366
0113307,7621429
0113307,7518238
0113307,7661855
0113307,7519045
0113307,5452415
0113307,1205379
1205379,5450458
1205379,1204865_P
1205379,5450457
1205379,5813962
0113307,1205327
1205327,5451094
1205327,5414472
1205327,5452414_2
1205327,5452414_1
1205327,5450461_1
1205327,5450461_2
0113307,5450462
100 SNOW,0000037816
0000037816,2883569A
2883569A,2883569A_2
2883569A_2,2883637
2883637,2637306
2637306,8560171
2637306,7518612
2637306,7519113
2637306,7519298
2637306,2636490
2636490,5454305
2636490,2637022
2637022,1023549
1023549,5141495
1023549,5340575
1023549,5263556
2637022,5414695
2637022,2413077
2636490,7518238
2636490,5454303
2636490,7519112
2636490,7518936
2636490,7670040
2637306,1024199
1024199,7520865
1024199,8560171
1024199,5140899
1024199,7519298
1024199,1024203
1024203,5140898
1024203,5341145
1024203,5266240
1024199,5453667
1024199,5413441
1024199,7552901
2637306,2637118
2637118,7189832
2637118,5453670
2637306,7082361
2637306,2636491
2636491,2637023
2637023,5414695
2637023,2413077
2637023,1023550
1023550,5263556
1023550,5340576
1023550,5141495
2636491,7518936
2636491,7518238
2636491,7519112
2636491,4011402
2636491,5454306
2636491,5454304
2637306,2688858
2688858,7080106
2688858,7547889
2688858,2688859
2688859,5455202
2688858,5455203
2688858,5455202
2883569A_2,2883646
2883646,7547453
2883646,1024448
1024448,7081466
1024448,5437121
1024448,7082026
1024448,7621432
1024448,7519112
1024448,5455488
1024448,5437119
1024448,7547790
1024448,5455206
1024448,7518578
1024448,5455205
1024448,1024200
1024200,5341135
1024200,5341141
1024200,5266229
1024200,5341146
1024200,5341144
1024200,5266373
1024200,5266236
1024200,5341139
1024200,5341140
1024200,5341143
1024200,5341142
1024200,5266231
1024200,5266522
1024200,5266235
1024200,5341148
1024200,5341137
1024200,5341136
1024200,5266232
1024200,5266230
1024200,5341258
1024200,5266234
1024200,5266233
1024200,5266523
1024200,5341138
1024448,5455490A
5455490A,5455490
5455490A,5266689
1024448,7547453
1024448,5455204
1024448,7520711
1024448,5413441
2883646,7520514
2883646,1024201
1024201,7621432
1024201,5455207
1024201,7520980
1024201,8560171
1024201,1024202
1024202,5266239
1024202,5266238
1024202,5266237
1024202,5266739
2883646,5416822
100 SNOW,0114026-13
0114026-13,0114026_SW2
0114026-13,0114026_SW5
0114026-13,7556327
0114026-13,2413615
0114026-13,0114026_SW1
0114026-13,5451206
0114026-13,0114026_SW3
0114026-13,2413615_3
0114026-13,7662246
0114026-13,2413615_2
0114026-13,2882119
2882119,GAUGE_PCB_BOARD_ASSY_2
GAUGE_PCB_BOARD_ASSY_2,6-OTS-0001038
GAUGE_PCB_BOARD_ASSY_2,6-OTS-0001063
GAUGE_PCB_BOARD_ASSY_2,6-OTS-0001009
GAUGE_PCB_BOARD_ASSY_2,6-OTS-0001016
GAUGE_PCB_BOARD_ASSY_2,6-OTS-0001025
GAUGE_PCB_BOARD_ASSY_2,6-OTS-0001019
GAUGE_PCB_BOARD_ASSY_2,6-OTS-0001023
GAUGE_PCB_BOARD_ASSY_2,6-OTS-0001008
GAUGE_PCB_BOARD_ASSY_2,GAUGE_PCB_BOARD
GAUGE_PCB_BOARD_ASSY_2,6-OTS-0001065
GAUGE_PCB_BOARD_ASSY_2,6-OTS-0001002
GAUGE_PCB_BOARD_ASSY_2,6-OTS-0001031
GAUGE_PCB_BOARD_ASSY_2,OTS-0001011
GAUGE_PCB_BOARD_ASSY_2,6-BB-0001061
GAUGE_PCB_BOARD_ASSY_2,6-OTS-0001018
GAUGE_PCB_BOARD_ASSY_2,CONN_16PIN
GAUGE_PCB_BOARD_ASSY_2,6-OTS-0001043
GAUGE_PCB_BOARD_ASSY_2,6-BB-0001033
GAUGE_PCB_BOARD_ASSY_2,6-OTS-0001046
GAUGE_PCB_BOARD_ASSY_2,6-OTS-0001024
GAUGE_PCB_BOARD_ASSY_2,6-OTS-0001045
GAUGE_PCB_BOARD_ASSY_2,6-OTS-0001035
GAUGE_PCB_BOARD_ASSY_2,6-OTS-0001041
GAUGE_PCB_BOARD_ASSY_2,6-OTS-0001060
GAUGE_PCB_BOARD_ASSY_2,6-OTS-0001059
GAUGE_PCB_BOARD_ASSY_2,6-BB-0001030
GAUGE_PCB_BOARD_ASSY_2,CONN_RJ45_MAG
GAUGE_PCB_BOARD_ASSY_2,6-OTS-0001027
GAUGE_PCB_BOARD_ASSY_2,PCB_BUTTON
GAUGE_PCB_BOARD_ASSY_2,6-OTS-0001034
GAUGE_PCB_BOARD_ASSY_2,6-OTS-0001037
GAUGE_PCB_BOARD_ASSY_2,PJ-002A_3
GAUGE_PCB_BOARD_ASSY_2,6-OTS-0001064
GAUGE_PCB_BOARD_ASSY_2,6-BB-0001062
GAUGE_PCB_BOARD_ASSY_2,6-OTS-0001036
6-OTS-0001036,6-MANIFOLD_SOLID_BREP_107141
6-OTS-0001036,6-MANIFOLD_SOLID_BREP_107291
GAUGE_PCB_BOARD_ASSY_2,6-OTS-0001039
GAUGE_PCB_BOARD_ASSY_2,6-OTS-0001014
GAUGE_PCB_BOARD_ASSY_2,6-BB-0001029
GAUGE_PCB_BOARD_ASSY_2,6-OTS-0001028
GAUGE_PCB_BOARD_ASSY_2,6-OTS-0001042
2882119,5415589
2882119,4016438_ASSY
4016438_ASSY,4016438_ICON_04
4016438_ASSY,4016438_ICON_09
4016438_ASSY,4016438_COVER2
4016438_ASSY,4016438_ICON_03
4016438_ASSY,4016438_ICON_08
4016438_ASSY,4016438_MODE
4016438_ASSY,4016438_ICON_06
4016438_ASSY,4016438_ICON_10
4016438_ASSY,4016438_SCREEN
4016438_ASSY,4016438_ICON_01
4016438_ASSY,4016438_CENTER
4016438_ASSY,4016438_ICON_02
4016438_ASSY,4016438_ICON_07
4016438_ASSY,4016438_SET
4016438_ASSY,4016438_COVER1
4016438_ASSY,4016438_ICON_05
2882119,RIBBON_CABLE
2882119,5452364
2882119,SELF_TAPPING_SCREW_M3X6
2882119,4015352
0114026-13,0114026_SW4
0114026-13,7710807
0114026-13,4012165
0114026-13,7661855
100 SNOW,0113332
0113332,5137850
0113332,7556702
0113332,3022082
0113332,5132334
0113332,1205058_BODY
0113332,3022642_SW_SIMP
0113332,5134982
0113332,1204331_SW
0113332,5134423
0113332,1262425
0113332,0000387
0113332,1204723_SW_SIMP
0113332,2521382_SW
0113332,5436992
0113332,1205241_2
0113332,1205241
0113332,1205059_SW
0113332,5131579
0113332,5139018_SIMP
0113332,1205097_SW
0113332,3022828_SIMP
0113332,7518412
0113332,7080998
0113332,5451612
0113332,5139427_SW_SIMP
0113332,1204992_SW
0113332,0000407
100 SNOW,0113303-13
0113303-13,5451574
0113303-13,2635838
2635838,5258861
2635838,5452248
2635838,5410582
2635838,7621467
2635838,7556034
2635838,5450778
2635838,5438262
0113303-13,LABEL_ASSAULT_LH
0113303-13,LABEL_POLARIS_RH
0113303-13,5450427
0113303-13,5450426
0113303-13,LABEL_POLARIS_LH
0113303-13,5450428
0113303-13,LABEL_ASSSULT_RH
0113303-13,2635481
2635481,5410582
2635481,5450424
2635481,5438262
100 SNOW,0113312
0113312,5437974
0113312,5450456
0113312,5435156
0113312,5258290
100 SNOW,0114021
0114021,2413200_HARNESS_SW
0114021,2413200_CON_SW
0114021,2413777_HARNESS_SW
0114021,2413777_CON_SW
100 SNOW,0113303-11
0113303-11,5450426
0113303-11,2635481
2635481,5410582
2635481,5450424
2635481,5438262
0113303-11,LABEL_POLARIS_RH
0113303-11,5450427
0113303-11,LABEL_POLARIS_LH
0113303-11,5450428
0113303-11,LABEL_ASSAULT_LH
0113303-11,LABEL_ASSSULT_RH
0113303-11,5451574
0113303-11,2635838
2635838,5258861
2635838,5452248
2635838,5410582
2635838,7621467
2635838,7556034
2635838,5450778
2635838,5438262
100 SNOW,0002839191
100 SNOW,0113313
0113313,5337767
0113313,7518533
0113313,5258323
0113313,7547339
0113313,7519112
0113313,1019636
1019636,7547601
1019636,5337765
1019636,5337766
100 SNOW,0115686
0115686,99901001
99901001,111007_LCW_1912067_LEVER
99901001,5450862
99901001,7710401
99901001,1824547_SW
99901001,5258307
99901001,41-26345_1
99901001,5452065
99901001,2010409
99901001,5439668
99901001,1824137_SW
99901001,7519971
99901001,7519242
99901001,7061186_11040BALL
99901001,22-26344_1
99901001,5338791
99901001,7556153
99901001,09-27809_1
99901001,5450542
99901001,40-19091-MACH_2
99901001,7061186_10544BS
99901001,4015245
99901001,5450861
99901001,7556153
99901001,5414938
99901001,7511848
99901001,9570127
99901001,2010425
2010425,2010424
2010424,5439668
2010425,7710401
2010425,7661624
2010425,7555730
2010425,5450861
2010425,9570127
99901001,5439575
99901001,12-26349_1
99901001,5138674
99901001,5258308
99901001,7547442
99901001,1824345
1824345,2010425
2010425,2010424
2010424,5439668
2010425,7710401
2010425,7661624
2010425,7555730
2010425,5450861
2010425,9570127
1824345,5438035
1824345,2010409
1824345,111007_LCW_1912067_MCYL_ASY
111007_LCW_1912067_MCYL_ASY,111007_LCW_1912067_LEVER
111007_LCW_1912067_MCYL_ASY,12-26349_1
111007_LCW_1912067_MCYL_ASY,09-27809_1
111007_LCW_1912067_MCYL_ASY,22-26344_1
111007_LCW_1912067_MCYL_ASY,18-27618_1
111007_LCW_1912067_MCYL_ASY,41-26345_1
111007_LCW_1912067_MCYL_ASY,40-19091-MACH_2
1824345,2010409_CAP
1824345,7512076
1824345,5450542
1824345,5450836
1824345,5452065
1824345,7519755
1824345,4015245
1824345,5450862
1824345,5439575
1824345,7511848
1824345,2010426
2010426,4015321
2010426,5439576
1824345,5338007
99901001,7519755
99901001,111007_LCW_1912067_MCYL_ASY
111007_LCW_1912067_MCYL_ASY,111007_LCW_1912067_LEVER
111007_LCW_1912067_MCYL_ASY,12-26349_1
111007_LCW_1912067_MCYL_ASY,09-27809_1
111007_LCW_1912067_MCYL_ASY,22-26344_1
111007_LCW_1912067_MCYL_ASY,18-27618_1
111007_LCW_1912067_MCYL_ASY,41-26345_1
111007_LCW_1912067_MCYL_ASY,40-19091-MACH_2
99901001,5631311
99901001,5261202
99901001,18-27618_1
99901001,5438035
99901001,7547332
99901001,7519097
99901001,7555730
99901001,2010426
2010426,4015321
2010426,5439576
99901001,5450836
99901001,5337513
99901001,7547332
99901001,2010409_CAP
99901001,5139006
99901001,7556524
99901001,5137796
99901001,5252974
99901001,5450881
99901001,2010424
2010424,5439668
99901001,7661624
99901001,7061186_11040HSG
99901001,4015321
99901001,5438523
99901001,7061186
7061186,7061186_11040RACE
7061186,7061186_11040BALL
7061186,7061186_11040HSG
7061186,7061186_10544BS
99901001,5439576
99901001,5137110
99901001,5258307
99901001,5337514
99901001,1824426
1824426,5137796
1824426,7519097
1824426,5414938
1824426,5450880
1824426,5258308
1824426,5258307
1824426,7547332
1824426,5438523
1824426,5252974
1824426,5631311
1824426,7519971
1824426,5338791
1824426,5261202
1824426,5137110
1824426,7556153
1824426,7519242
1824426,5450881
1824426,5337513
1824426,5138674
1824426,7556524
1824426,5337514
1824426,7547442
1824426,5139006
99901001,5338007
99901001,7061190_SW
99901001,5450880
99901001,7512076
99901001,7061186_11040RACE
0115686,99902002
99902002,7547423
99902002,5335899
99902002,7547442
99902002,1824233
1824233,7061166
7061166,7061166_STUD
7061166,7061166_HOUSING
1824233,7547430
1824233,5335899
99902002,7061166_STUD
99902002,1824804_SW
99902002,1823897
1823897,5438460
1823897,7547423
1823897,5137845
1823897,7555806
1823897,7547442
1823897,5136910
1823897,7519015
1823897,7519246
99902002,7044120-ROD
99902002,7043732_2
99902002,5136910
99902002,7547431
99902002,5438460
99902002,7519015
99902002,1824801_SW
99902002,7519015
99902002,7555806
99902002,7061166_HOUSING
99902002,7061165
7061165,7547431
7061165,7061165_STUD
7061165,7061165_HOUSING
99902002,5137846
99902002,7061165_HOUSING
99902002,7547423
99902002,7044120-BODY
99902002,7518971
99902002,1824802_SW
99902002,7518941
99902002,5137360
99902002,7519246
99902002,5137845
99902002,7044120-SPRING-CLIP
99902002,7547442
99902002,7044120-JAM-NUT
99902002,5438460
99902002,1824803_SW
99902002,1824113_2
1824113_2,7043732_2
1824113_2,7044120-JAM-NUT
1824113_2,7518971
1824113_2,7044120-SPRING-CLIP
1824113_2,5137360
1824113_2,7518941
1824113_2,7547423
1824113_2,7044120-SPRING-NUT
1824113_2,7044120-BODY
1824113_2,7044120-ROD
99902002,7061165_STUD
99902002,7555806
99902002,7044120-SPRING-NUT
99902002,7547430
99902002,7061166
7061166,7061166_STUD
7061166,7061166_HOUSING
99902002,7547423
99902002,1823898
1823898,7519246
1823898,7547423
1823898,5438460
1823898,5136910
1823898,7519015
1823898,7555806
1823898,5137846
1823898,7547442
99902002,7519246
99902002,5136910
0115686,1823915
1823915,5136908-1
1823915,5136908-2
1823915,7566100
7566100,7547332
7566100,BLUE243
7566100,7556524
1823915,1823917-1
1823915,1823917-2
1823915,5435681
1823915,7566120
7566120,7556130
7566120,7519098
7566120,7547423
1823915,7566110
7566110,7547650
7566110,7547332
7566110,7520233
7566110,7518906
7566110,7556737
1823915,5414375-2
1823915,5439301
1823915,5414375-1
100 SNOW,0114659-13
0114659-13,1019146
1019146,7661130
1019146,5138263
1019146,7661637
1019146,5337389
1019146,5337390P
1019146,5138265
1019146,7520147
1019146,5337815
1019146,5337395
1019146,5138266
0114659-13,1019180
1019180,1019180_BALL
1019180,1019180_P
0114659-13,1023220
1023220,5633385
1023220,5141277
0114659-13,1023230
1023230,5138286
1023230,7520559
1023230,1019183
1019183,5137394
1019183,5138287
1023230,5633989
1023230,5634116
1023230,5256849
1023230,1023230_SW1
1023230,5452369
1023230,5138285
1023230,7556064
1023230,7188334
1023230,1333119
1333119,5138392
1333119,3610030
1333119,3514309
1023230,7547453
1023230,5264150
1023230,5138449
0114659-13,1023919
1023919,5454820
1023919,5340890
1023919,7547790
1023919,7519092
0114659-13,5139042
0114659-13,1021006
1021006,5338674
1021006,7519967
1021006,5337394
1021006,5633122
1021006,5138262
1021006,5633083
1021006,5138261
0114659-13,3022698
3022698,3022409_BUSHING
3022698,3022698_RUBBER
0114659-13,2635202
2635202,2635204_P
2635202,5439309
2635202,5450933
0114659-13,1021376_SW
0114659-13,ORG_HEAT_EXCHANGER_ASSY
ORG_HEAT_EXCHANGER_ASSY,7547421
ORG_HEAT_EXCHANGER_ASSY,5258817
ORG_HEAT_EXCHANGER_ASSY,5256426
ORG_HEAT_EXCHANGER_ASSY,5258346
ORG_HEAT_EXCHANGER_ASSY,5258829
ORG_HEAT_EXCHANGER_ASSY,5139568
ORG_HEAT_EXCHANGER_ASSY,5252098
ORG_HEAT_EXCHANGER_ASSY,ORG_HEAT_EXCHANGER
ORG_HEAT_EXCHANGER_ASSY,5258830
ORG_HEAT_EXCHANGER_ASSY,5139569
0114659-13,1023221
1023221,5633386
1023221,5141278
0114659-13,1019139
1019139,7661637
1019139,5256783
0114659-13,3022697
3022697,3022697_RUBBER
3022697,3022409_BUSHING
0114659-13,5258819
0114659-13,2635203
2635203,5450934
2635203,2635205_P
2635203,5439309
0114659-13,1020287
1020287,5138700
1020287,5338161
0114659-13,3022712_SW
0114659-13,5337390
5337390,7519070
5337390,7547332
5337390,5337391
0114659-13,3022713_SW
0114659-13,1019861
1019861,5337942
1019861,7547332
1019861,7518906
1019861,5337392
0114659-13,1019140
1019140,5264677
1019140,7661637
0114659-13,1021543
1021543,5261061
0114659-13,5138294
